{
    "action/delta": {
        "min": [
            -0.02500000223517418,
            -0.02500000223517418,
            -0.02500000223517418,
            0.939372718334198,
            -0.34289780259132385,
            -0.3420194387435913,
            -0.34289780259132385,
            0.939372718334198,
            -0.31461235880851746,
            -1.0
        ],
        "max": [
            0.02500000223517418,
            0.02500000223517418,
            0.02500000223517418,
            1.0,
            0.34289780259132385,
            0.3420201241970062,
            0.34289780259132385,
            1.0,
            0.3249709904193878,
            1.0
        ],
        "mean": [
            0.0003658384957816452,
            0.0002040142280748114,
            0.0008649270748719573,
            0.9733520150184631,
            -0.015945177525281906,
            -0.00032296497374773026,
            0.015560883097350597,
            0.9758999943733215,
            0.002044461900368333,
            0.07250147312879562
        ],
        "std": [
            0.009966814890503883,
            0.008411440066993237,
            0.011697372421622276,
            0.027701547369360924,
            0.21304087340831757,
            0.078071229159832,
            0.21265244483947754,
            0.027428293600678444,
            0.03965487331151962,
            0.9982377290725708
        ]
    },
    "action/pos": {
        "min": [
            0.2869773209095001,
            -0.1952117383480072,
            -0.003309875726699829,
            -0.9999954700469971,
            -1.0000001192092896,
            -0.908657431602478,
            -1.0,
            -1.0,
            -0.6169804334640503,
            -1.0
        ],
        "max": [
            0.7033079862594604,
            0.282291978597641,
            0.26855432987213135,
            1.0,
            1.0,
            0.7143445014953613,
            1.0,
            0.9999909996986389,
            0.7757206559181213,
            1.0
        ],
        "mean": [
            0.5384917259216309,
            0.06914577633142471,
            0.10105180740356445,
            0.6487722396850586,
            -0.05309075862169266,
            -0.05757361277937889,
            -0.05200472101569176,
            -0.6928132176399231,
            0.007288769353181124,
            0.07250147312879562
        ],
        "std": [
            0.0679304376244545,
            0.06812141835689545,
            0.05150138959288597,
            0.3800746500492096,
            0.5990181565284729,
            0.26469185948371887,
            0.5946142077445984,
            0.3954467177391052,
            0.08931555598974228,
            0.9982377290725708
        ]
    },
    "robot_state": {
        "min": [
            0.2869773209095001,
            -0.19359330832958221,
            -0.003309875726699829,
            -0.9999954700469971,
            -1.0000001192092896,
            -0.908657431602478,
            -1.0,
            -1.0,
            -0.6169804334640503,
            -0.6564680933952332,
            -1.1665856838226318,
            -0.35987475514411926,
            -2.2616419792175293,
            -2.3873140811920166,
            -2.753556489944458,
            3.242922684876248e-05
        ],
        "max": [
            0.7033079862594604,
            0.282291978597641,
            0.26855432987213135,
            1.0,
            1.0,
            0.7143445014953613,
            1.0,
            0.9999909996986389,
            0.7757206559181213,
            0.5304044485092163,
            0.39906060695648193,
            0.23567408323287964,
            2.3710689544677734,
            2.74540638923645,
            2.720449924468994,
            0.07000000029802322
        ],
        "mean": [
            0.5384810566902161,
            0.06910966336727142,
            0.10108151286840439,
            0.6486793756484985,
            -0.05199327692389488,
            -0.0575614757835865,
            -0.05090758576989174,
            -0.692720890045166,
            0.007261866703629494,
            0.0008156055700965226,
            0.0008120642160065472,
            5.9205969591857865e-05,
            -0.005180590320378542,
            -0.004813504405319691,
            -0.02257380448281765,
            0.052159957587718964
        ],
        "std": [
            0.06790915876626968,
            0.06810265779495239,
            0.05148514360189438,
            0.3798868656158447,
            0.5993712544441223,
            0.2646903395652771,
            0.5949851274490356,
            0.39526498317718506,
            0.08931002020835876,
            0.03987319394946098,
            0.03482513129711151,
            0.044098563492298126,
            0.09220452606678009,
            0.2240068018436432,
            0.8171159625053406,
            0.01816963031888008
        ]
    }
}